track_id,track_name,creator_name
1,"YOASOBI "Racing into the Night"  Official Music Video", "Ayase-YOASOBI"
2,"Imagine Dragons - Radioactive (Lyric Video)", "ImagineDragons"
3,"Ayase「SHOCK!」Official Music Video", "Ayase-YOASOBI"
4,"Imagine Dragons - Wrecked (Official Music Video)", "ImagineDragons"
5,"Good-bye days ／YUI （Cover）", "Goosehouse"
6,"Imagine Dragons - Thunder", "ImagineDragons"
7,"光るなら／Goose house", "Goosehouse"
8,"Sing／Goose house", "Goosehouse"
9,"YOASOBI「祝福」Official Music Video (『機動戦士ガンダム 水星の魔女』オープニングテーマ)", "Ayase-YOASOBI"
10,"YOASOBI「ハルジオン・Halzion」Official Music Video", "Ayase-YOASOBI"
11,"夜撫でるメノウ・Agate Caressing the Night ／ Ayase (self cover)", "Ayase-YOASOBI"
12,"Imagine Dragons x J.I.D - Enemy (from the series Arcane League of Legends)", "ImagineDragons"
13,"YOASOBI「もしも命が描けたら」Official Music Video", "Ayase-YOASOBI"
14,"Imagine Dragons - Demons (Official Music Video)", "ImagineDragons"
15,"高嶺の花子さん／back number （Cover）", "Goosehouse"
16,"Imagine Dragons - Radioactive", "ImagineDragons"
17,"Imagine Dragons - Natural (Lyrics)", "ImagineDragons"
18,"明日があるさ／坂本九（Cover）", "Goosehouse"
19,"Imagine Dragons - Natural", "ImagineDragons"
20,"Imagine Dragons - Whatever It Takes (Official Music Video)", "ImagineDragons"
21,"YOASOBI「あの夢をなぞって・Tracing that Dream」 Official Music Video", "Ayase-YOASOBI"
22,"Ayase「飽和」Official Music Video", "Ayase-YOASOBI"
23,"オトノナルホウへ→／Goose house", "Goosehouse"
24,"YOASOBI／群青（Cover）", "Goosehouse"
25,"恋するフォーチュンクッキー／AKB48（Cover）", "Goosehouse"
26,"YOASOBI「ラブレター」Official Music Video", "Ayase-YOASOBI"
27,"幽霊東京 Ghost City Tokyo ／Ayase (self cover)", "Ayase-YOASOBI"
28,"YOASOBI「群青」Official Music Video", "Ayase-YOASOBI"
29,"YOASOBI "Probably" Official Music Video", "Ayase-YOASOBI"
30,"Imagine Dragons - Believer (Official Music Video)", "ImagineDragons"
31,"YOASOBI「アイドル」 Official Music Video", "Ayase-YOASOBI"
32,"YOASOBI「怪物」Official Music Video　(YOASOBI - Monster)", "Ayase-YOASOBI"
33,"Imagine Dragons - Bones (Official Music Video)", "ImagineDragons"
34,"YOASOBI 3rd EP『THE BOOK 3』全曲トレーラー", "Ayase-YOASOBI"
35,"Imagine Dragons - Birds (Animated Video)", "ImagineDragons"
36,"Johnny Cash - Hurt", "JohnnyCash"
37,"Calvin Harris - Feels (Official Video) ft. Pharrell Williams, Katy Perry, Big Sean", "CalvinHarris"
38,"Bach, Debussy, O'Carolan, Gluck, Godard: LSO Discovery Relaxed Friday Lunchtime Concert", "LondonSymphonyOrchestra"
39,"Calvin Harris - Slide (Official Audio) ft. Frank Ocean, Migos", "CalvinHarris"
40,"Black Dog (Remaster)", "LedZeppelin"
41,"Led Zeppelin - Immigrant Song (Official Audio)", "LedZeppelin"
42,"Calvin Harris - Summer (Official Video)", "CalvinHarris"
43,"Calvin Harris - Blame ft. John Newman", "CalvinHarris"
44,"Calvin Harris, Sam Smith - Desire (KC Lights Remix - Official Audio)", "CalvinHarris"
45,"Calvin Harris - Sweet Nothing (Official Video) ft. Florence Welch", "CalvinHarris"
46,"Led Zeppelin - Stairway To Heaven (Official Audio)", "LedZeppelin"
47,"Taylor Swift - Anti-Hero (Official Music Video)", "TaylorSwift"
48,"Calvin Harris - Rollin (Official Audio) ft. Future, Khalid", "CalvinHarris"
49,"Kashmir (Remaster)", "LedZeppelin"
50,"Calvin Harris & Disciples - How Deep Is Your Love", "CalvinHarris"
51,"Calvin Harris, Rihanna - This Is What You Came For (Official Video) ft. Rihanna", "CalvinHarris"
52,"It Never Entered My Mind", "MilesDavis"
53,"Calvin Harris - My Way (Official Video)", "CalvinHarris"
54,"Taylor Swift - Lover (Official Music Video)", "TaylorSwift"
55,"Led Zeppelin - Whole Lotta Love (Official Music Video)", "LedZeppelin"
56,"Taylor Swift - Style (Taylor's Version) (Lyric Video)", "TaylorSwift"
57,"Kendrick Lamar - LOYALTY. ft. Rihanna", "KendrickLamar"
58,"Led Zeppelin - Ramble On (Official Audio)", "LedZeppelin"
59,"M.E.B.: Behind the cover artwork with Mikel Elam", "MilesDavis"
60,"Led Zeppelin - Since I've Been Loving You (Live at Madison Square Garden 1973) [Official Video]", "LedZeppelin"
61,"Taylor Swift - Love Story", "TaylorSwift"
62,"Calvin Harris, Dua Lipa - One Kiss (Official Video)", "CalvinHarris"
63,"Taylor Swift - You Belong With Me", "TaylorSwift"
64,"Miles Davis - So What (Official Video)", "MilesDavis"
65,"Led Zeppelin - The Ocean (Live at Madison Square Garden, New York, NY, 7/1973) [HD Remaster]", "LedZeppelin"
66,"Taylor Swift - Wildest Dreams", "TaylorSwift"
67,"Taylor Swift - Cruel Summer (Official Audio)", "TaylorSwift"
68,"Taylor Swift - Style", "TaylorSwift"
69,"Taylor Swift - Lavender Haze (Official Music Video)", "TaylorSwift"
70,"Ten Years Gone (1990 Remaster)", "LedZeppelin"
71,"Calvin Harris - Thinking About You ft. Ayah Marar", "CalvinHarris"
72,"Calvin Harris, Sam Smith - Desire (Official Video)", "CalvinHarris"
73,"Miles Davis - Blue In Green (Official Audio)", "MilesDavis"
74,"Calvin Harris, Ellie Goulding - Miracle (Official Video)", "CalvinHarris"
75,"Led Zeppelin - Immigrant Song (Live 1972) (Official Video)", "LedZeppelin"
76,"Calvin Harris - Feel So Close (Official Video)", "CalvinHarris"
77,"Led Zeppelin - Stairway To Heaven (Live at Earls Court 1975) [Official Video]", "LedZeppelin"
78,"Led Zeppelin - Kashmir (Live from Celebration Day) (Official Video)", "LedZeppelin"
79,"Taylor Swift - Blank Space", "TaylorSwift"
80,"Miles Davis - Flamenco Sketches (Official Audio)", "MilesDavis"
81,"Taylor Swift - Is It Over Now? (Taylor's Version) (From The Vault) (Lyric Video)", "TaylorSwift"
82,"Calvin Harris & Alesso - Under Control (Official Video) ft. Hurts", "CalvinHarris"
83,"Kendrick Lamar, SZA - All The Stars", "KendrickLamar"
84,"Kendrick Lamar - HUMBLE.", "KendrickLamar"
85,"Kendrick Lamar - DNA.", "KendrickLamar"
86,"Rick Astley - Never Gonna Give You Up (Official Music Video)", "RickAstley"
87,"Rick Astley - She Wants To Dance With Me (Official Video) [Remastered in 4K]", "RickAstley"
88,"Rick Astley - Whenever You Need Somebody (Official Music Video)", "RickAstley"
89,"Rick Astley - Together Forever (Official HD Video)", "RickAstley"
90,"Rick Astley - Together Forever (Official Video) [Remastered in 4K]", "RickAstley"
91,"Rick Astley - Take Me to Your Heart (Official Video) [Remastered in 4K]", "RickAstley"
92,"Rick Astley - Cry for Help (Official Music Video)", "RickAstley"
93,"Rick Astley - Hold Me In Your Arms (Official Video) [Remastered in 4K]", "RickAstley"
94,"Rick Astley's YouTube Premium Afterparty", "RickAstley"
95,"Rick Astley - It Would Take a Strong Strong Man (Official HD Video)", "RickAstley"
96,"Rick Astley - Never Gonna Stop (Official Video)", "RickAstley"
97,"American Prometheus", "LudwigGoransson"
98,"Atmospheric Ignition", "LudwigGoransson"
99,"Ground Zero", "LudwigGoransson"
100,"A Lowly Shoe Salesman", "LudwigGoransson"
101,"Fission", "LudwigGoransson"
102,"Power Stays In The Shadows", "LudwigGoransson"
103,"Colonel Pash", "LudwigGoransson"
104,"Can You Hear The Music", "LudwigGoransson"
105,"Something More Important", "LudwigGoransson"
106,"Fusion", "LudwigGoransson"
107,"Trinity", "LudwigGoransson"
108,"Los Alamos", "LudwigGoransson"
109,"Groves", "LudwigGoransson"
110,"Theorists", "LudwigGoransson"
111,"What We Have Done", "LudwigGoransson"
112,"Oppenheimer", "LudwigGoransson"
113,"Meeting Kitty", "LudwigGoransson"
114,"Kitty Comes To Testify", "LudwigGoransson"
115,"Destroyer Of Worlds", "LudwigGoransson"
116,"Quantum Mechanics", "LudwigGoransson"
117,"Manhattan Project", "LudwigGoransson"
118,"Gravity Swallows Light", "LudwigGoransson"
119,"Dr. Hill", "LudwigGoransson"
120,"The Trial", "LudwigGoransson"
